{
  "book-settings": {
    "PAGE_W": 1.66,
    "PAGE_H": 2,
    "LAG": 0.35,
    "SEGMENTS": 28,
    "flipDuration": 1550,
    "attractMs": 2000,
    "ambientIntensity": 0.75,
    "keyIntensity": 0.45,
    "bookX": -2.22,
    "bookY": -1.07,
    "bookZ": -0.03,
    "bookRotX": 90,
    "bookRotY": -90,
    "bookRotZ": 0,
    "bookScaleX": 0.106,
    "bookScaleY": 0.04,
    "bookScaleZ": 0.104,
    "tableX": 0,
    "tableY": 1.170268816945003,
    "tableZ": -0.2,
    "tableRotX": 0,
    "tableRotY": 0,
    "tableRotZ": 0,
    "tableScaleX": 31.558741189000784,
    "tableScaleY": 13.713005485810221,
    "musicVolume": 0.2,
    "showLangBtns": false,
    "flipVolume": 0.8,
    "landVolume": 0.6,
    "landOffset": 800,
    "exposure": 0.6,
    "resolution": 1,
    "toneMapping": 4,
    "shadowMapSize": 512,
    "filmGrain": false,
    "grainStrength": 0.055,
    "vignette": false,
    "vignetteStr": 0.6,
    "saturation": 1,
    "contrast": 0.85,
    "fog": false,
    "fogDensity": 0.005,
    "edgeBlur": false,
    "edgeBlurStr": 6,
    "bloom": false,
    "bloomRadius": 20,
    "bloomStrength": 0.35,
    "navMode": "pages",
    "shadows": true,
    "bookScale": 0.105
  },
  "book-scene": [
    {
      "url": "assets/models/Books2.glb",
      "pos": [
        2.4571003087120013e-16,
        3.2198780746148383,
        -0.058540299206444324
      ],
      "rot": [
        -1.570796326794897,
        1.2246467991473532e-16,
        -3.141592653589793
      ],
      "scale": [
        5.6319158326712575,
        5.6319158326712575,
        5.6319158326712575
      ]
    },
    {
      "url": "assets/models/office_lamp.glb",
      "pos": [
        -3.1956970411654897,
        1.2210451968565752,
        -2.220446049250313e-16
      ],
      "rot": [
        -1.570796326794897,
        0.5235987755982994,
        -3.141592653589793
      ],
      "scale": [
        2.099136839291051,
        2.099136839291051,
        2.099136839291051
      ]
    },
    {
      "url": "assets/models/coffee_shop_cup.glb",
      "pos": [
        -3.445641123948651,
        -0.5789567391945005,
        -0.26002589610704285
      ],
      "rot": [
        1.5707963267948963,
        0,
        0
      ],
      "scale": [
        1.3037993189529875,
        1.3037993189529875,
        1.3037993189529875
      ]
    },
    {
      "url": "assets/models/Books2.glb",
      "pos": [
        -8.517824501415618,
        3.219878074614839,
        -0.05854029920644324
      ],
      "rot": [
        -1.570796326794897,
        1.2246467991473532e-16,
        -3.141592653589793
      ],
      "scale": [
        5.6319158326712575,
        5.6319158326712575,
        5.6319158326712575
      ]
    },
    {
      "url": "assets/models/Books2.glb",
      "pos": [
        8.435370574759201,
        3.219878074614837,
        -0.05854029920644528
      ],
      "rot": [
        -1.570796326794897,
        1.2246467991473532e-16,
        -3.141592653589793
      ],
      "scale": [
        5.6319158326712575,
        5.6319158326712575,
        5.6319158326712575
      ]
    },
    {
      "url": "assets/models/fountain_pens.glb",
      "pos": [
        3.3111850596136625,
        -1.1564063812145697,
        -0.22077046962540636
      ],
      "rot": [
        1.5707963267948963,
        0,
        0
      ],
      "scale": [
        0.07427078572554865,
        0.07427078572554865,
        0.07427078572554865
      ]
    },
    {
      "url": "assets/models/eb_house_plant_01.glb",
      "pos": [
        3.1815987388643414,
        0.6414812569806474,
        -1.1102230246251565e-16
      ],
      "rot": [
        1.5707963267948963,
        0,
        0
      ],
      "scale": [
        12.60723124444976,
        12.60723124444976,
        12.60723124444976
      ]
    }
  ],
  "cam-work": {
    "x": -0.042,
    "y": -0.602,
    "z": 4.245,
    "lx": 0,
    "ly": 0,
    "lz": 0,
    "fov": 30
  },
  "cam-attract": {
    "x": -0.282,
    "y": -7.271,
    "z": 11.319,
    "lx": 0,
    "ly": 0,
    "lz": 0,
    "fov": 30
  },
  "book-lang": "ro"
}